,mean_test_score,mean_fit_time,rank_test_score
0,0.734727068158939,0.010770416259765625,1
