,mean_test_score,mean_fit_time,rank_test_score
0,0.7973532302954937,0.006069755554199219,1
