,mean_test_score,mean_fit_time,rank_test_score
0,0.7239591401669924,0.008270168304443359,1
