,mean_test_score,mean_fit_time,rank_test_score
0,0.8322808077219163,0.007349252700805664,1
