,mean_test_score,mean_fit_time,rank_test_score
0,0.9175246047255285,0.007033634185791016,1
