,mean_test_score,mean_fit_time,rank_test_score
0,0.9227578610765678,0.01688976287841797,1
