,mean_test_score,mean_fit_time,rank_test_score
0,0.9227578610765678,0.039632749557495114,1
